Run ID,Date,Total,Passed,Failed,Skipped,Timed Out,Pass Rate (%),Duration (ms)
"e4bcb25d-66de-4091-8ce3-aeb0ef573acb","8/22/2026, 12:15:03 PM",12,12,0,0,0,100,21670.527000000002
"cfec0ebc-361a-44e9-b075-7d9cfe0aee27","8/22/2026, 8:15:03 AM",12,12,0,0,0,100,23194.136000000002
"1c8b41f5-673f-4c11-993f-6430e768a7fc","8/22/2026, 4:15:04 AM",12,12,0,0,0,100,23026.019
"5236f19a-1432-40e4-adbb-512f505b9492","8/22/2026, 12:15:03 AM",12,12,0,0,0,100,21650.326
"e142231c-4281-458d-8784-3ae6b60b2390","8/21/2026, 8:15:04 PM",12,12,0,0,0,100,21166.683
"c61c034c-ff6d-4500-bf59-0d73b1f91f35","8/21/2026, 4:15:04 PM",12,12,0,0,0,100,23317.913
"501d1da6-2502-43c6-822d-ea3f078cefc2","8/21/2026, 12:15:04 PM",12,12,0,0,0,100,24322.396999999997
"fbb42172-0e1d-4145-8324-81bcb4712ccc","8/21/2026, 8:15:04 AM",12,12,0,0,0,100,23051.147
"b5992d16-fa72-4deb-b13b-ba9d63e8179c","8/21/2026, 4:15:04 AM",12,12,0,0,0,100,21395.541
"25a0ce21-ce8a-4037-a09b-9d6051d0be85","8/21/2026, 12:15:04 AM",12,12,0,0,0,100,22995.71
"11e97044-6cb2-40b7-bc92-fc96626951e2","8/20/2026, 8:15:04 PM",12,12,0,0,0,100,22658.816
"6ab1875b-b306-4978-8151-825ef6263ef8","8/20/2026, 4:15:03 PM",12,12,0,0,0,100,26628.544
"31e9e358-505e-4d3a-86df-83c4a8943ce4","8/20/2026, 12:15:04 PM",12,12,0,0,0,100,21140.154
"2d986f3e-d0d4-430b-b609-3cee8f45738f","8/20/2026, 8:15:04 AM",12,12,0,0,0,100,24048.026
"eac90f95-f073-4ff0-9a31-04f5c25250cb","8/20/2026, 4:15:03 AM",12,12,0,0,0,100,21349.374
"2c1f65cb-0687-4a60-9aa3-c263ab75c0cf","8/20/2026, 12:15:04 AM",12,12,0,0,0,100,22866.058
"1439048f-5313-4747-9d50-3f3ff017ad7f","8/19/2026, 8:15:03 PM",12,12,0,0,0,100,21173.310999999998
"b762fc8a-2a7c-4b54-ae7e-bcdec93d2db7","8/19/2026, 4:15:04 PM",12,12,0,0,0,100,22441.719999999998
"ef58a90e-0b80-4943-bf1e-f0e4dab11d42","8/19/2026, 12:15:03 PM",12,12,0,0,0,100,23131.602
"d6694bfa-dfb9-49ec-94d4-5886a10cac6a","8/19/2026, 8:15:04 AM",12,12,0,0,0,100,22387.652
"14fd0115-ee1d-436d-a387-3001e94fc821","8/19/2026, 4:15:04 AM",12,12,0,0,0,100,21461.968
"d739691c-7812-40b3-b57e-d78f86e33268","8/19/2026, 12:15:04 AM",12,12,0,0,0,100,22628.076999999997
"ea5f6ea6-87bd-4268-b106-2235bc0307f2","8/18/2026, 8:15:04 PM",12,11,1,0,0,92,22110.791
"d9107e15-068c-46c2-86ac-74e78d309259","8/18/2026, 4:15:03 PM",12,11,1,0,0,92,21601.963000000003
"fda4cf7c-9933-472e-8e65-a0e5649dc63f","8/18/2026, 12:15:04 PM",12,11,1,0,0,92,21984.635000000002
"95d9a673-5890-4d3e-a310-73feb578bb22","8/18/2026, 8:15:04 AM",12,11,1,0,0,92,21636.501
"1e9b61b4-0d1e-4a56-8762-eda32ccd7400","8/18/2026, 4:15:04 AM",12,11,1,0,0,92,21473.238999999998
"a2bfc33b-1d9b-42a2-ac44-0b79d9f41962","8/18/2026, 12:15:03 AM",12,11,1,0,0,92,20755.959
"c1a66e3f-e1ba-43e6-8898-966d74b6be4c","8/17/2026, 8:15:03 PM",12,11,1,0,0,92,21941.645
"fcc40ae7-8ad3-45e5-8c5b-0d77fdaac4ea","8/17/2026, 4:15:03 PM",12,11,1,0,0,92,21092.728
"eeeb300f-c389-43ea-b7ec-e3f6a1515893","8/17/2026, 12:15:04 PM",12,11,1,0,0,92,22246.310999999998
"a3b92ecb-069f-4bce-957d-0c4a1aaba4b2","8/17/2026, 8:15:04 AM",12,12,0,0,0,100,21038.094999999998
"499fae93-6897-4354-9a13-5d9bb63cf167","8/17/2026, 4:15:04 AM",12,12,0,0,0,100,20006.769
"a3ae90ee-56f8-4585-b3bb-e2c45d37078d","8/17/2026, 12:15:03 AM",12,12,0,0,0,100,19408.773999999998
"52d319e4-c581-472b-b41b-d1f25654076b","8/16/2026, 8:15:04 PM",12,12,0,0,0,100,20396.157
"fc648a11-f9e7-44ef-8c3e-cfc17b02d2a8","8/16/2026, 4:15:03 PM",12,12,0,0,0,100,19733.737999999998
"9b0a0bb8-fe5e-4686-8798-4ae5bad52221","8/16/2026, 12:15:04 PM",12,12,0,0,0,100,20033.121
"a203d52d-8a76-4b39-87b9-852674d92aea","8/16/2026, 8:15:03 AM",12,12,0,0,0,100,22013.397
"894ba3f6-420d-4d63-8f69-2ed5dc102698","8/16/2026, 4:15:03 AM",12,12,0,0,0,100,20519.214
"04178299-b0a5-4585-8214-c08970a77012","8/16/2026, 12:15:03 AM",12,12,0,0,0,100,21821.908
"8b1f4a31-f006-4e9d-8b89-5efaabd5ad49","8/15/2026, 8:15:04 PM",12,12,0,0,0,100,20814.126
"0648f2b9-2238-4943-b463-3f51740804f1","8/15/2026, 4:15:04 PM",12,12,0,0,0,100,22713.055
"9ec38700-0bfe-4dc9-b1c0-4c77bff36ccd","8/15/2026, 12:15:03 PM",12,12,0,0,0,100,20207.869
"30807103-d8cb-49ce-bdbe-c8623482cc0d","8/15/2026, 8:15:03 AM",12,12,0,0,0,100,20635.966
"8297efa7-cb30-4e73-a7c0-2f62663c380e","8/15/2026, 4:15:04 AM",12,12,0,0,0,100,20335.073999999997
"5dc9ba2c-074e-47cd-a077-dbf8e75b1eac","8/15/2026, 12:15:04 AM",12,12,0,0,0,100,21496.803
"896f9802-e799-4ff9-84ad-408d385eddcf","8/14/2026, 8:15:04 PM",12,12,0,0,0,100,20609.823999999997
"c909d1b0-8d10-4639-a4f0-f7845eb39cfe","8/14/2026, 4:15:04 PM",12,12,0,0,0,100,19835.847999999998
"8cbd1170-9284-427d-9786-7cc31ae5574a","8/14/2026, 12:15:03 PM",12,11,1,0,0,92,23760.717999999997
"f03e324b-5c04-4304-8329-72ec47ea3484","8/14/2026, 8:15:04 AM",12,12,0,0,0,100,20547.781
"d53cf455-a130-405e-8f6e-9512c4eae668","8/14/2026, 4:15:04 AM",12,12,0,0,0,100,21278.263
"cd6e1ce8-99ee-4433-a3e3-dfe8c37bc318","8/14/2026, 12:15:04 AM",12,12,0,0,0,100,20354.906
"a1aea71c-6398-45ea-b3bd-d322d1157f8a","8/13/2026, 8:15:04 PM",12,12,0,0,0,100,21086.402000000002
"fc312102-c3f8-4ff3-9ac9-145b5c0b74de","8/13/2026, 4:15:03 PM",12,12,0,0,0,100,21785.978
"1a772df8-f9e1-463b-92db-9971f058b841","8/13/2026, 12:15:04 PM",12,12,0,0,0,100,22041.869
"fc885d7b-f21c-48c7-b0aa-cfe3a6675772","8/13/2026, 8:15:03 AM",12,12,0,0,0,100,22390.286
"692ae359-37dc-4810-91d6-9b12bf68a049","8/13/2026, 4:15:03 AM",12,12,0,0,0,100,24714.95
"757e245a-55ec-4023-9f30-9533b71d6534","8/13/2026, 12:15:04 AM",12,12,0,0,0,100,23365.766000000003
"64aab5e7-7d1c-4e61-9525-5af05855f29f","8/12/2026, 8:15:03 PM",12,12,0,0,0,100,24662.877
"8cf0c4ff-ea84-415d-8669-587eb29fac5c","8/12/2026, 4:15:04 PM",12,12,0,0,0,100,21737.15
"94c902f2-45d2-4ebc-b2aa-3516bdaf75d7","8/12/2026, 12:15:03 PM",12,12,0,0,0,100,21328.736
"dba87a46-4595-47eb-a107-6ea40b0df1f0","8/12/2026, 8:15:04 AM",12,12,0,0,0,100,21877.662999999997
"53ef47dc-34d0-4eec-a2a1-0bcdecafab23","8/12/2026, 4:15:04 AM",12,12,0,0,0,100,23667.888
"52ef5990-afcd-4c5b-928c-8719533c3fb5","8/12/2026, 12:15:04 AM",12,12,0,0,0,100,23677.857
"1eef4d0a-4499-41ed-aec1-70879bbf4b59","8/11/2026, 8:15:04 PM",12,12,0,0,0,100,22667.756
"4ad23ebc-8e03-4b9b-9a47-fa7278fb18c7","8/11/2026, 4:15:04 PM",12,12,0,0,0,100,23034.384
"ee4ab50a-d5ff-4353-86a9-54f7bf5a0a7a","8/11/2026, 12:15:03 PM",12,12,0,0,0,100,23281.07
"583ae600-a8a0-4487-bf5d-614767eb603d","8/11/2026, 8:15:03 AM",12,10,2,0,0,83,9968.643
"c1e7039f-2a1e-4093-94c3-253bace6a2a5","8/11/2026, 4:15:04 AM",12,10,2,0,0,83,9814.447
"c45b083c-6d3f-4332-b7f5-439d9f12bf05","8/11/2026, 12:15:03 AM",12,10,2,0,0,83,10224.025000000001
"bb9b3813-fb0b-430a-a3bf-e6ad8e3d40c8","8/10/2026, 8:15:03 PM",12,10,2,0,0,83,11196.192
"f23f8438-dc58-4337-9c8a-88b8a285ab3e","8/10/2026, 4:15:04 PM",12,12,0,0,0,100,21027.596
"4bc8a2ae-314d-4298-84ea-fd160fbe83ce","8/10/2026, 12:15:04 PM",12,12,0,0,0,100,26165.880999999998
"fbb68b84-80e6-4738-83fc-8cfd583679df","8/10/2026, 8:15:04 AM",12,12,0,0,0,100,20636.245000000003
"f9321c61-4d73-41e6-8659-35275e84bfcf","8/10/2026, 4:15:04 AM",12,12,0,0,0,100,22418.147
"7a457275-8d38-4194-a61f-a50aaa43cf8b","8/10/2026, 12:15:03 AM",12,12,0,0,0,100,20547.496000000003
"e97b07b8-fa6b-489b-8843-93619fbf3c17","8/9/2026, 8:15:03 PM",12,12,0,0,0,100,20611.098
"1057e13f-fdf0-4255-a328-5deb773549f6","8/9/2026, 4:15:04 PM",12,12,0,0,0,100,20550.195
"ab3cebe4-b1fc-426f-ae65-6bcec3ec2181","8/9/2026, 12:15:03 PM",12,12,0,0,0,100,20732.964
"3ec2dfbf-5d7a-40f8-95f2-220674e33326","8/9/2026, 8:15:04 AM",12,12,0,0,0,100,20986.562
"2fc95a25-d823-4fd2-b9ad-0c7f18043e6c","8/9/2026, 4:15:04 AM",12,12,0,0,0,100,21003.273
"98cd7c01-8cf2-4f85-a8b2-b5c05619dd1d","8/9/2026, 12:15:04 AM",12,12,0,0,0,100,20300.152000000002
"5a1fac27-ba44-4aa4-adf6-985ceafa0c95","8/8/2026, 8:15:04 PM",12,12,0,0,0,100,21654.304
"81fe90cc-5771-4986-abdb-2f446bd2dd48","8/8/2026, 4:15:04 PM",12,12,0,0,0,100,20758.115999999998
"14d51ccf-4e27-4fe9-8667-00ab91d56c98","8/8/2026, 12:15:04 PM",12,12,0,0,0,100,22935.064000000002
"4d560c37-cd13-4aec-9f4c-c5df57093b79","8/8/2026, 8:15:03 AM",12,12,0,0,0,100,22769.319
"80761d23-637b-4212-86b7-ad923c5ed88b","8/8/2026, 4:15:03 AM",12,12,0,0,0,100,22030.432
"d3595d9a-6dda-4cc3-bf9e-a59991a46d9f","8/8/2026, 12:15:03 AM",12,12,0,0,0,100,21326.9
"b33f0a9f-83b2-4538-a7ec-f9ecd2d42ca8","8/7/2026, 8:15:04 PM",12,12,0,0,0,100,22841.572
"d3194036-8ff1-4d84-92fe-631175389992","8/7/2026, 4:15:03 PM",12,12,0,0,0,100,22579.935999999998
"21397d50-ca32-4102-8628-8682736ff172","8/7/2026, 12:15:06 PM",12,12,0,0,0,100,25768.381
"10401b6a-c0b5-4b0c-a22b-2051a853a106","8/7/2026, 8:15:04 AM",14,12,2,0,0,86,1513730.9670000002
"a9e48f49-d9eb-411f-a762-412245dcc02d","8/7/2026, 4:15:04 AM",14,12,2,0,0,86,1515271.343
"574a9f7d-f007-4a5c-9b52-eece84684991","8/7/2026, 12:15:03 AM",14,12,2,0,0,86,1513012.5569999998
"82964f59-8bfa-4887-a1ea-f77385cbff7f","8/6/2026, 8:15:04 PM",14,12,2,0,0,86,1512468.395
"b863db7a-44af-4b28-b96f-e77825b648fc","8/6/2026, 4:15:04 PM",14,12,2,0,0,86,1513153.82
"b2c07d21-9ecb-47ec-833e-ec886d5cfcd8","8/6/2026, 12:15:03 PM",14,12,2,0,0,86,1514863.666
"8c529b26-c34b-46b0-9c80-a714bd3cbef1","8/6/2026, 8:15:05 AM",14,12,2,0,0,86,1518037.7200000002
"32a7db6a-54f0-4818-af7e-5eba65b8abe8","8/6/2026, 4:15:11 AM",14,12,2,0,0,86,1516136.261
"f509e828-ce17-4db6-be47-492ed8e27fe6","8/6/2026, 12:15:03 AM",14,12,2,0,0,86,1513823.531
"8ad23eff-6162-4fd9-92bc-c7d8b11d1962","8/5/2026, 8:15:04 PM",14,12,2,0,0,86,1513447.115
"4f3c3867-77de-49f5-9341-40d4b078567b","8/5/2026, 4:15:03 PM",14,12,2,0,0,86,1512265.77
"ce6cfef9-7b37-4303-a01d-209a8cb35e87","8/5/2026, 12:15:03 PM",14,12,2,0,0,86,1512819.491
"05597b3b-0583-4ff9-842a-8b4dcba35e8e","8/5/2026, 8:15:03 AM",14,12,2,0,0,86,1511942.471
"b7b4220e-87e4-4df9-b434-a21a0b39c7b3","8/5/2026, 4:15:04 AM",14,12,2,0,0,86,1513221.683
"9c0efc4e-872f-4e6f-925a-9f19507a5377","8/5/2026, 12:15:04 AM",14,12,2,0,0,86,1513120.656
"631ec006-f4a2-40d3-97c9-d6764f122ad8","8/4/2026, 8:15:04 PM",14,12,2,0,0,86,1513772.4070000001
"e07337ea-1278-4b86-bd8f-f5ef73a4cb61","8/4/2026, 4:15:04 PM",14,12,2,0,0,86,1514982.74
"5bd9e218-06a5-4018-8b2e-4da6a6066162","8/4/2026, 12:15:04 PM",14,12,2,0,0,86,1515951.323
"8fc81348-e0ff-4b05-8025-8472df02c706","8/4/2026, 8:15:04 AM",14,12,2,0,0,86,1512477.141
"f6f20cb3-0f6b-4c27-b253-f4f6e8ba2be8","8/4/2026, 4:15:03 AM",14,12,2,0,0,86,1515537.974
"022d52aa-ebd8-4661-b29a-90b52db1d462","8/4/2026, 12:15:03 AM",14,12,2,0,0,86,1513529.4679999999
"dc85767c-7f39-4116-b6d7-1cc59d5d804d","8/3/2026, 8:15:04 PM",14,12,2,0,0,86,1512517.426
"6eddd1f7-1f0f-4386-aed9-f3f0d8b04629","8/3/2026, 4:15:04 PM",14,12,2,0,0,86,1512294.887
"0276a22d-4d05-43f0-9664-3031c53d570d","8/3/2026, 12:15:04 PM",14,12,2,0,0,86,1514187.183
"6628f5e2-617d-430c-a875-433890683ae9","8/3/2026, 8:15:03 AM",14,12,2,0,0,86,1511361.5929999999
"49bc06e4-835e-4e1f-98b3-ede35131a56d","8/3/2026, 4:15:04 AM",14,12,2,0,0,86,1511483.799
"e94b9149-5682-4e4c-805d-5a81358f6750","8/3/2026, 12:15:03 AM",14,12,2,0,0,86,1511048.1800000002
"92f94580-134f-40cc-b564-2c4ed8f4bb79","8/2/2026, 8:15:04 PM",14,12,2,0,0,86,1511172.8360000001
"013d2c7c-e046-4fd6-89b8-7684ddbd7ce2","8/2/2026, 4:15:03 PM",14,12,2,0,0,86,1511747.841
"89f10b13-5e1b-4e3a-8513-5928c5babfc8","8/2/2026, 12:15:04 PM",14,12,2,0,0,86,1511671.711
"3fb63b3c-33f8-49d3-8c84-c0eb1d1e2bf5","8/2/2026, 8:15:03 AM",14,12,2,0,0,86,1511838.072
"17ba2a53-d20c-4943-86e8-88f0f6edcbf3","8/2/2026, 4:15:04 AM",14,12,2,0,0,86,1512910.347
"4a1f7dac-0659-4976-a39c-58930fd670ea","8/2/2026, 12:15:03 AM",14,12,2,0,0,86,1511853.667
"4559ad7c-2cd9-44e1-8fb6-737aaf4b53d4","8/1/2026, 8:15:03 PM",14,12,2,0,0,86,1511791.882
"4c316fe0-cbf8-4487-80c0-95373f7f54e7","8/1/2026, 4:15:03 PM",14,12,2,0,0,86,1512048.907
"a8ffc53c-3b67-4d48-a962-c799d7788faa","8/1/2026, 12:15:04 PM",14,12,2,0,0,86,1512201.4510000001
"2441322d-62bb-4a0e-b2a5-125769857ef8","8/1/2026, 8:15:04 AM",14,12,2,0,0,86,1511505.636
"8bea2acf-85c9-425b-acbd-6573d5923988","8/1/2026, 4:15:04 AM",14,12,2,0,0,86,1511296.446
"523b0840-145f-415d-8092-5495df6b7f27","8/1/2026, 12:15:03 AM",14,12,2,0,0,86,1511810.553
"e22fdd29-1079-4075-ad2b-0e40f97e4e89","7/31/2026, 8:15:04 PM",14,12,2,0,0,86,1511513.713
"d7d8b78d-2369-4e7c-bd9b-1d97175215f5","7/31/2026, 4:15:03 PM",14,12,2,0,0,86,1511900.243
"ff00985b-370f-4ce2-9a7f-019afdb7f13f","7/31/2026, 12:15:03 PM",14,12,2,0,0,86,1512572.537
"9ed3324b-c4db-41c5-8195-71015487a1ba","7/31/2026, 8:15:04 AM",14,12,2,0,0,86,1513727.429
"a05ab767-c588-4b1d-b610-2464e624fa25","7/31/2026, 4:15:03 AM",14,12,2,0,0,86,1512900.441
"39f51488-b8b6-4cd7-bb70-f9d9fa1b0d26","7/31/2026, 12:15:03 AM",14,12,2,0,0,86,1512585.419
"f0e35528-92ec-494c-a05c-a6eeb64dc658","7/30/2026, 8:15:03 PM",14,12,2,0,0,86,1511734.48
"f47d5942-c6bb-45c8-ad4d-4020b01ac88c","7/30/2026, 4:15:03 PM",14,12,2,0,0,86,1511857.6060000001
"fc02cb89-ac9b-4e2a-aed6-42147978e911","7/30/2026, 12:15:03 PM",14,12,2,0,0,86,1512767.21
"254fa79f-9a69-42ee-9fdb-93902d9ec4cb","7/30/2026, 8:15:04 AM",14,12,2,0,0,86,1514275.044
"425273dd-5ca9-4cd5-8502-a2288c010672","7/30/2026, 4:15:04 AM",14,7,7,0,0,50,2139883.42
"649db8db-c529-4ee0-8f85-de699fd7cb22","7/30/2026, 12:15:03 AM",14,11,3,0,0,79,1896261.352
"c36b8fbc-4414-42cf-a4c6-19281c10f507","7/29/2026, 8:15:03 PM",14,11,3,0,0,79,1900633.882
"036e3a12-1380-4fc3-890a-2bf19a34d622","7/29/2026, 4:15:04 PM",14,11,3,0,0,79,1897142.805
"2b01e26f-0529-4197-9d68-e67575c3e28f","7/29/2026, 12:15:04 PM",14,11,3,0,0,79,1896525.737
"64218992-6e98-4228-bd21-deb5ac0f6bb0","7/29/2026, 8:15:04 AM",14,11,3,0,0,79,1896494.68
"51d8dd46-806d-42c2-9eb5-75c478aa61ea","7/29/2026, 4:15:03 AM",14,11,1,0,2,79,384213.043
"93f61cee-7cdf-4bc2-b121-b38cc7dd4539","7/29/2026, 12:15:04 AM",14,11,1,0,2,79,384124.51
"5e0ff296-80fa-4bf2-8f4b-42190c6eb6a7","7/28/2026, 8:15:04 PM",14,11,1,0,2,79,384257.912
"701773ff-3bef-45df-8c66-2b7ecaac1df5","7/28/2026, 4:15:03 PM",14,11,1,0,2,79,383277.914
"05e61fee-2a74-4d35-b17e-c16d50524cc3","7/28/2026, 12:15:04 PM",14,7,5,0,2,50,626640.818
"af2f4f50-c5f3-4381-aa82-970fdc3f7a24","7/28/2026, 8:15:03 AM",14,7,5,0,2,50,627288.587
"c567e997-cab3-4bbf-9f2a-70f243c6ac62","7/28/2026, 4:15:04 AM",14,11,1,0,2,79,385918.969
"88f32ee8-9801-410c-a16e-9393c149514b","7/28/2026, 12:15:04 AM",14,11,1,0,2,79,382919.24000000005
"3e44af2d-f4fb-467b-84a7-90e20cc47cf2","7/27/2026, 8:15:03 PM",14,14,0,0,0,100,31427.609999999997
"17db76ae-34fa-4764-91a0-c936daba97c7","7/27/2026, 4:15:04 PM",14,14,0,0,0,100,31353.315000000002
"8bbc5fba-7e14-48a4-93c7-5bb63f080751","7/27/2026, 12:15:03 PM",14,14,0,0,0,100,30149.858
"bb16cba9-393d-44a4-a016-68e1ef1dca84","7/27/2026, 8:15:04 AM",14,14,0,0,0,100,27670.264
"5c058ebf-40a9-421a-b505-348fbd583bc2","7/27/2026, 4:15:04 AM",14,14,0,0,0,100,26359.189
"1f2f1cd0-d59b-4360-aade-0e865bac03d5","7/27/2026, 12:15:04 AM",14,14,0,0,0,100,25444.413
"b1d50e9f-0572-495f-99c9-0b098c5086f5","7/26/2026, 8:15:03 PM",14,14,0,0,0,100,31642.945
"2708d5fe-45df-4954-9f36-78be2dc6f865","7/26/2026, 4:15:03 PM",14,14,0,0,0,100,29044.979
"400c8e88-8c75-4baf-8e29-13969548c7f9","7/26/2026, 12:15:04 PM",14,14,0,0,0,100,29754.809
"13d883e3-bbba-4bec-b3a4-7c49bd5ef0d4","7/26/2026, 8:15:03 AM",14,14,0,0,0,100,28553.803
"0e818059-be49-460e-a6ae-6a1225bef955","7/26/2026, 4:15:04 AM",14,14,0,0,0,100,29925.376
"2e1c97e2-1054-4ff5-96d2-83a648c747fe","7/26/2026, 12:15:04 AM",14,14,0,0,0,100,28642.111
"18499c9e-7ee3-4132-8236-c8debe7ddd19","7/25/2026, 8:15:04 PM",14,14,0,0,0,100,28926.627
"0b56a22b-5059-4bc5-a084-1dddcb04dbb7","7/25/2026, 4:15:03 PM",14,14,0,0,0,100,29924.532000000003
"ee6c836e-47cd-4784-8c2d-c9f3bdaedf4e","7/25/2026, 12:15:04 PM",14,14,0,0,0,100,29570.252
"43e4c7f8-6141-4da3-83e7-95b6af108e29","7/25/2026, 8:15:04 AM",14,14,0,0,0,100,29507.143
"11261786-8bcb-4682-b11e-441df20e7308","7/25/2026, 4:15:04 AM",14,14,0,0,0,100,28797.149999999998
"33c8ad20-ddf5-4334-b158-4b05a61f09ca","7/25/2026, 12:15:04 AM",14,14,0,0,0,100,26863.259
"7dfb8520-762c-46f3-b1ad-f52ff8fca3b2","7/24/2026, 8:15:04 PM",14,14,0,0,0,100,33824.162
"5eea86a5-ff5d-4e2e-8bf0-f35b59f40b51","7/24/2026, 4:15:05 PM",14,14,0,0,0,100,29087.145
"a8f72e34-20eb-4e2f-bf9a-050e8a873c9d","7/24/2026, 12:15:04 PM",14,14,0,0,0,100,42470.387
"e8de531e-2946-405c-9517-a00b2e4d6175","7/24/2026, 8:15:04 AM",14,14,0,0,0,100,28369.652000000002
"1ed63a95-a29f-47d0-bd98-7754bfb2dad3","7/24/2026, 4:15:03 AM",14,14,0,0,0,100,24855.800000000003
"68283da7-2b0b-40b3-990a-d54411f7acb3","7/24/2026, 12:15:04 AM",14,14,0,0,0,100,25947.217
"5db95390-b3a6-41d6-9520-4d19706484d3","7/23/2026, 8:15:04 PM",14,14,0,0,0,100,29737.253
"fa297907-6bcb-4867-b493-021152906050","7/23/2026, 4:15:04 PM",14,14,0,0,0,100,28841.983